hidden_size,num_layers,learning_rate,train_rmse,test_rmse,train_r2,test_r2
128,1,0.01,2.223228693008423,2.1703481674194336,0.538351833820343,0.5239387154579163
