hidden_size,num_layers,learning_rate,train_rmse,test_rmse,train_r2,test_r2
128,1,0.01,2.232715129852295,2.174689531326294,0.5344037413597107,0.5220322608947754
