fun_name,train_rmse,test_rmse,train_r2,test_r2
fun2,2.2306227684020996,2.176140785217285,0.5352760553359985,0.5213941335678101
fun3,2.07826860473266,2.1209926269997137,0.5831886807559048,0.5682748158818511
