fun_name,train_rmse,test_rmse,train_r2,test_r2
fun1,2.1800654923716922,2.224939988937634,0.5400800128777822,0.5236089209715525
fun2,2.217376708984375,2.164710760116577,0.5407788753509521,0.5264086723327637
fun3,2.07826860473266,2.1209926269997137,0.5831886807559048,0.5682748158818511
