fun_name,train_rmse,test_rmse,train_r2,test_r2
fun1,2.0282213026934532,2.131251138780982,0.6030007799466451,0.5636497517426808
fun2,2.22343111038208,2.166196823120117,0.5382677316665649,0.5257581472396851
fun3,2.07826860473266,2.1209926269997137,0.5831886807559048,0.5682748158818511
