fun_name,train_rmse,test_rmse,train_r2,test_r2
fun2,2.2286815643310547,2.1751484870910645,0.5360844135284424,0.5218304991722107
fun3,2.07826860473266,2.1209926269997137,0.5831886807559048,0.5682748158818511
