fun_name,train_rmse,test_rmse,train_r2,test_r2
fun1,2.185039784790766,2.242478759761204,0.5374023993810018,0.5152118762334188
fun2,2.223228693008423,2.1703481674194336,0.538351833820343,0.5239387154579163
fun3,2.07826860473266,2.1209926269997137,0.5831886807559048,0.5682748158818511
